BEGIN;
SELECT (@@server_id) INTO @a;
SELECT @a;
@a
106
COMMIT;
